<?xml version="1.0" encoding="utf-8"?>
<import xmlns:xsi="http://www.w3.org/2001/XMLSchema-instance" xmlns:xsd="http://www.w3.org/2001/XMLSchema">
    <products>
        <product>
            <article_sku>000c66dawt</article_sku>
            <brand>HUAWEI</brand>
            <brand_reference>HUAWEI-NEXUS-6P-64GO-ARGENT</brand_reference>
            <category>SMARTP</category>
            <ean13>6901443077359</ean13>
            <full_description><![CDATA[<p align="center"><img src="http://dam-static.rueducommerce.fr/medias/6f19cf5d03953eacb10a7368e4aa48d4/huawei-nexus-6p.jpg" alt="Huawei Nexus 6P" /></p>
<table width="650px" align="center">
<tbody>
<tr>
<td width="400px"><img src="http://dam-static.rueducommerce.fr/medias/3831e41b3b343df99a5da6bb44661551/huawei-nexus-6p-01.jpg" alt="Huawei Nexus 6P" /></td>
<td style="padding-left: 15px; padding-right: 10px;"><strong>Un design qui ne manque pas d'inspiration</strong> <br /><br /> Un &eacute;cran AMOLED haute r&eacute;solution WQHD de 5,7 pouces et des haut-parleurs st&eacute;r&eacute;o &agrave; l'avant, le tout dans une coque &eacute;l&eacute;gante en aluminium.</td>
</tr>
</tbody>
</table>
<table width="650px" align="center">
<tbody>
<tr>
<td style="padding-left: 15px; padding-right: 10px;"><strong>Des photos superbes en un clin d'&oelig;il</strong> <br /><br /> La cam&eacute;ra puissante a &eacute;t&eacute; con&ccedil;ue pour capturer les moindres d&eacute;tails. Les pixels plus grands (1,55 &micro;m) captent plus de lumi&egrave;re&sup1;, m&ecirc;me lorsque la luminosit&eacute; est tr&egrave;s faible, pour des couleurs plus &eacute;clatantes.</td>
<td width="400px"><img src="http://dam-static.rueducommerce.fr/medias/7e154536b270302da979df90377fa270/huawei-nexus-6p-02.jpg" alt="Huawei Nexus 6P" /></td>
</tr>
</tbody>
</table>
<p><br /><br /></p>
<table width="650px" cellspacing="10" cellpadding="10" align="center">
<tbody>
<tr>
<td colspan="2">
<p><strong>Aper&ccedil;u</strong><br />Design 100 % m&eacute;tal, mat&eacute;riaux de qualit&eacute; et derni&egrave;re version d'Android : Android 6.0 Marshmallow</p>
</td>
</tr>
<tr>
<td style="padding-top: 10px; vertical-align: top;" width="320px"><strong>Un design &eacute;l&eacute;gant</strong><br /><br />Red&eacute;couvrez vos photos, vos films et vos jeux avec une nettet&eacute; &eacute;tonnante sur un &eacute;cran AMOLED WQHD de 5,7 pouces de haute qualit&eacute;. Fabriqu&eacute; en aluminium anodis&eacute; (utilis&eacute; en a&eacute;ronautique) avec des bordures taill&eacute;es au diamant pour un fini lisse, il est &eacute;l&eacute;gant et offre une prise en main confortable.</td>
<td style="padding-top: 10px; vertical-align: top;" width="320px"><strong>Une configuration mat&eacute;rielle puissante</strong> <br /><br /> Avec la derni&egrave;re version du processeur Qualcomm&reg; Snapdragon&trade; 810, b&eacute;n&eacute;ficiez de performances rapides sans d&eacute;charger toute la batterie de 3 450 mAh qui tient toute la journ&eacute;e. En outre, m&ecirc;me si le niveau de la batterie baisse, vous pouvez rapidement recharger celle-ci avec le c&acirc;ble USB de type C, r&eacute;versible pour que vous n'ayez plus &agrave; vous demander dans quel sens le brancher.</td>
</tr>
<tr>
<td style="padding-top: 10px; vertical-align: top;" width="320px"><strong>Une cam&eacute;ra qui capture davantage de lumi&egrave;re</strong><br /><br />Les pixels plus grands (1,55 &micro;m) capturent davantage de lumi&egrave;re, m&ecirc;me lorsque la luminosit&eacute; est tr&egrave;s faible, pour produire des images nettes d'une qualit&eacute; saisissante. De plus, gr&acirc;ce &agrave; l'application Appareil photo Google ultra-rapide et facile &agrave; utiliser, vous ne manquerez jamais un moment important.</td>
<td style="padding-top: 10px; vertical-align: top;" width="320px"><strong>La s&eacute;curit&eacute; au bout des doigts</strong> <br /><br /> Votre Nexus est plus rapide d'acc&egrave;s et plus s&eacute;curis&eacute; avec un capteur d'empreintes digitales plac&eacute; &agrave; l'arri&egrave;re de mani&egrave;re parfaitement adapt&eacute;e &agrave; la prise en main naturelle de votre t&eacute;l&eacute;phone. D&eacute;verrouillez votre t&eacute;l&eacute;phone et les applications compatibles en un seul geste.</td>
</tr>
</tbody>
</table>
<p><br /><br /></p>
<p align="center"><img src="http://dam-static.rueducommerce.fr/medias/8c5a384677553102bac58755afccdd75/huawei-nexus-6p-10.jpg" alt="HUAWEI Nexus 6P" /></p>
<div style="width: 650px; height: 90px; background-color: #4285f4; color: #ffffff; margin-left: auto; margin-right: auto; margin-top: -20px;"><br /><br />
<div style="margin-left: 15px;">Avec ses caract&eacute;ristiques mat&eacute;rielles et ses performances de haut niveau, ses mat&eacute;riaux et son design soign&eacute;s, le Nexus 6P est une pi&egrave;ce unique &eacute;quip&eacute;e d'Android 6.0 Marshmallow.</div>
</div>
<p><br /><br /></p>
<table width="650px" cellpadding="10" align="center">
<tbody>
<tr>
<td style="vertical-align: top;"><strong><img src="http://dam-static.rueducommerce.fr/medias/1be309835a6131afbf2efb46b4ab4035/huawei-nexus-6p-13.jpg" alt="Huawei Nexus 6P" /><br /><br />Une puissance exceptionnelle</strong> <br /><br /> La derni&egrave;re version du processeur Qualcomm&reg; Snapdragon&trade; 810, sp&eacute;cialement con&ccedil;u pour le mode multit&acirc;che, assure la rapidit&eacute; de vos applications, de vos jeux et des vid&eacute;os.</td>
<td width="400px"><img src="http://dam-static.rueducommerce.fr/medias/f0f352e54e8c3ba4bc07ec3a7c7ec6d4/huawei-nexus-6p-14.jpg" alt="Huawei Nexus 6P" /></td>
</tr>
</tbody>
</table>
<p><br /><br /></p>
<p align="center"><img src="http://dam-static.rueducommerce.fr/medias/f419300b573b3a0eafa27163a1c0ca76/huawei-nexus-6p-20.jpg" alt="HUAWEI Nexus 6P" /></p>
<div style="width: 650px; height: 90px; background-color: #4285f4; color: #ffffff; margin-left: auto; margin-right: auto; margin-top: -20px;">
<div style="margin-left: 15px; padding-top: 25px;">Avec Nexus, votre appareil est toujours &eacute;quip&eacute; de la version d'Android la plus r&eacute;cente et la plus rapide. La version Android 6.0 Marshmallow est pr&eacute;install&eacute;e sur votre Nexus 6P, et vous ferez toujours partie des premiers &agrave; recevoir les mises &agrave; jours logicielles d&egrave;s leur sortie.</div>
</div>
<p><br /><br /></p>
<table width="650px" cellpadding="10" align="center">
<tbody>
<tr>
<td style="vertical-align: top;"><strong><img src="http://dam-static.rueducommerce.fr/medias/e792e2728ca039068dc115c1570f9189/huawei-nexus-6p-21.jpg" alt="Huawei Nexus 6P" /><br /><br />Appuyez pour d&eacute;verrouiller</strong> <br /><br /> D&eacute;verrouillez votre t&eacute;l&eacute;phone et les applications compatibles en un seul geste. B&eacute;n&eacute;ficiez d'un acc&egrave;s rapide et s&eacute;curis&eacute; avec le capteur d'empreinte digitale plac&eacute; &agrave; l'arri&egrave;re, de mani&egrave;re parfaitement adapt&eacute;e &agrave; la prise en main naturelle de votre appareil.</td>
<td width="400px"><img src="http://dam-static.rueducommerce.fr/medias/877a97eec7413e64ad87c3648374c45f/huawei-nexus-6p-22.jpg" alt="Huawei Nexus 6P" /></td>
</tr>
</tbody>
</table>
<p><br /><br /></p>
<table width="650px" align="center">
<tbody>
<tr>
<td width="400px"><img src="http://dam-static.rueducommerce.fr/medias/516078b28170317c9b8c2fceb7b4e175/huawei-nexus-6p-23.jpg" alt="Huawei Nexus 6P" /></td>
<td style="padding-left: 15px; padding-right: 10px;"><strong>&Agrave; l'int&eacute;rieur : le meilleur de Google</strong> <br /><br /> Le Nexus 6P int&egrave;gre vos applications Google pr&eacute;f&eacute;r&eacute;es, telles que la Recherche Google, Maps, Google Photos, Chrome, YouTube, Gmail, Drive et Google Now. Aucun t&eacute;l&eacute;chargement n'est n&eacute;cessaire : elles sont pr&ecirc;tes &agrave; l'emploi d&egrave;s que vous sortez l'appareil de la bo&icirc;te.</td>
</tr>
</tbody>
</table>
<table width="650px" align="center">
<tbody>
<tr>
<td width="400px"><img src="http://dam-static.rueducommerce.fr/medias/417eca1380903bf09af1aa4ee0c36c47/huawei-nexus-6p-24.jpg" alt="Huawei Nexus 6P" /></td>
<td style="padding-left: 15px; padding-right: 10px;"><strong>Une batterie qui tient tout la journ&eacute;e</strong> <br /><br /> Avec une batterie de 3 450 mAh, associ&eacute;e aux fonctionnalit&eacute;s d'&eacute;conomie d'&eacute;nergie d'Android 6.0 Marshmallow, vous pourrez parler, envoyer des SMS et utiliser vos applications toute la journ&eacute;e. Si vous voulez rapidement recharger la batterie, le chargeur USB de type C restaure jusqu'&agrave; 7 heures d'autonomie de batterie en 10 minutes.</td>
</tr>
</tbody>
</table>
<p><br /><br /></p>
<table width="650px" align="center">
<tbody>
<tr>
<td>
<p><strong>Applications Google int&eacute;gr&eacute;es</strong></p>
<p>Voici quelques-unes des applications Google que vous pouvez utiliser sur votre t&eacute;l&eacute;phone.</p>
<p><img src="http://dam-static.rueducommerce.fr/medias/83f6cbff11c03dca9bfe77e9f4af47df/huawei-nexus-6p-03456.jpg" alt="" /></p>
</td>
</tr>
</tbody>
</table>
<p><br /><br /></p>
<table width="650px" align="center">
<tbody>
<tr>
<td>
<p><strong>Contenu de la bo&icirc;te</strong></p>
<p>Nexus 6P<br /> Chargeur USB Type-C 15 W (5 V/3 A)<br /> C&acirc;ble USB Type-C vers Type-C<br /> C&acirc;ble USB Type-C vers USB Type-A standard<br /> Outil pour la carte SIM<br /> Informations de s&eacute;curit&eacute; et de garantie<br /> Guide de d&eacute;marrage rapide<br /> Carte de promotion Google Play Musique</p>
</td>
</tr>
</tbody>
</table>
<p><br /><br /></p>]]></full_description>
            <long_title>Nexus 6P 64 Go argent</long_title>
            <media_url_1>https://dam.rueducommerce.fr/medias/ce51d38b23cd30eba8a19d3ed534dee8/huawei-nexus-6p-32go-argent.jpg</media_url_1>
            <media_url_2>https://dam.rueducommerce.fr/medias/5458e7c959793c98b2ad8c845dc12973/huawei-nexus-6p-32go-argent-v6.jpg</media_url_2>
            <media_url_3>https://dam.rueducommerce.fr/medias/4d5b7944c45132a790ee98a559a2e577/huawei-nexus-6p-32go-argent-v5.jpg</media_url_3>
            <media_url_4>https://dam.rueducommerce.fr/medias/477ad2806e1d3c42a7c7130812160add/huawei-nexus-6p-32go-argent-v4.jpg</media_url_4>
            <media_url_5>https://dam.rueducommerce.fr/medias/341d4526277438b993a870b357a1329b/huawei-nexus-6p-32go-argent-v3.jpg</media_url_5>
            <short_description>&lt;p&gt;Ecran tactile AMOLED 5,7" WQHD&amp;nbsp;en 1440 x 2560 pixels (518&amp;nbsp;ppp) - Verre Corning&amp;reg; Gorilla&amp;reg; Glass 4&amp;nbsp;- Android 6.0 Marshmallow - Derni&amp;egrave;re version du processeur Qualcomm&amp;reg; Snapdragon&amp;trade; 810 2 GHz 64 bits &amp;agrave; huit c&amp;oelig;urs&amp;nbsp;- GPU Adreno&amp;nbsp;430&amp;nbsp;- Nano-SIM - M&amp;eacute;moire Int&amp;eacute;gr&amp;eacute;e (ROM) 32 Go - M&amp;eacute;moire Vive (RAM) 3 Go - Batterie 3450 mAh - Appareil Photo 12,3 m&amp;eacute;gapixels - Appareil Photo Frontal 8 m&amp;eacute;gapixels - Flash Double LED + Laser Autofocus - Vid&amp;eacute;o 4K 2160p - 7,3&amp;nbsp;mm d'&amp;eacute;paisseur - Wi-Fi Direct - Bluetooth 4.2 Low Energy (LE) - Port USB Type-C - Fonction GPS avec A-GPS et GLONASS - 4G&amp;nbsp;&lt;/p&gt;</short_description>
            <warranty>24</warranty>
            <warranty_scope />
            <it_bluetooth_version><![CDATA[4.1]]></it_bluetooth_version>
            <it_with_wifi_connection><![CDATA[Wi-Fi]]></it_with_wifi_connection>
            <color><![CDATA[Argent]]></color>
            <weight_g><![CDATA[178]]></weight_g>
            <it_display_size_pouces><![CDATA[5,7]]></it_display_size_pouces>
            <it_is_tactile><![CDATA[Ecran tactile]]></it_is_tactile>
            <it_with_apn><![CDATA[Appareil photo]]></it_with_apn>
            <it_with_nfc_connection><![CDATA[NFC]]></it_with_nfc_connection>
            <it_memory_ram_installed_go><![CDATA[3]]></it_memory_ram_installed_go>
            <it_battery_capacity_mah><![CDATA[3450]]></it_battery_capacity_mah>
            <it_tablette_os><![CDATA[Android]]></it_tablette_os>
            <it_with_senior><![CDATA[Non adapté aux seniors]]></it_with_senior>
            <it_resolution_second_camera_mpixels><![CDATA[8]]></it_resolution_second_camera_mpixels>
            <it_sensor_resolution_mpixels><![CDATA[12,3]]></it_sensor_resolution_mpixels>
            <it_nbr_sim_mobile><![CDATA[1]]></it_nbr_sim_mobile>
            <it_sim_mobile_type><![CDATA[NanoSim]]></it_sim_mobile_type>
            <it_smartphone_type><![CDATA[Classique]]></it_smartphone_type>
            <it_with_autofocus><![CDATA[Autofocus]]></it_with_autofocus>
            <it_with_memory_card_slot><![CDATA[Sans emplacement de Carte mémoire]]></it_with_memory_card_slot>
            <it_with_normed_3g_umts><![CDATA[Norme 3G (UMTS)]]></it_with_normed_3g_umts>
            <it_with_outdoor><![CDATA[Non outdoor]]></it_with_outdoor>
            <it_4g_version><![CDATA[Catégorie 6]]></it_4g_version>
            <it_flash_type><![CDATA[Double Flash LED]]></it_flash_type>
            <it_memory_rom_integrated_go><![CDATA[64]]></it_memory_rom_integrated_go>
            <it_nbr_cpu_core><![CDATA[8]]></it_nbr_cpu_core>
            <it_os_version><![CDATA[6.0 Marshmallow]]></it_os_version>
            <it_resolution_screen_pixels><![CDATA[WQHD 2560 x 1440 pixels]]></it_resolution_screen_pixels>
            <it_cpu_frequency_ghz><![CDATA[2]]></it_cpu_frequency_ghz>
            <it_cpu_smartphone_type><![CDATA[Qualcomm Snapdragon S810]]></it_cpu_smartphone_type>
        </product>
        <product>
            <article_sku>000cfxlysl</article_sku>
            <brand>HERCULES</brand>
            <brand_reference>HERCULES-DJCONTROL-COMPACT</brand_reference>
            <category>PLATIN-1</category>
            <ean13>3362934745288</ean13>
            <full_description><![CDATA[<div style="margin-left: 10px;">
<div style="margin-bottom: 20px;"><strong style="color: #fc0000; font-size: 16px;">DJControl Compact</strong>
<p style="font-size: 12px; color: #444;">Le plus complet et portatif des contr&ocirc;leurs DJ!</p>
</div>
<div style="margin-bottom: 20px;"><strong style="color: #fc0000; font-size: 13px;">Description</strong>
<ul style="font-size: 12px; color: #444; list-style: none;">
<li style="list-style: none;"><strong>LE compagnon DJ &laquo; On the go &raquo; :</strong></li>
<li style="list-style: none;">- Compact : 13,4 x 3,9 in. / 34 x 10 cm</li>
<li style="list-style: none;">- Se glisse tr&egrave;s facilement dans un sac ou une sacoche d&rsquo;ordinateur portable</li>
<li style="list-style: none;">- Aliment&eacute; par bus USB ( c&acirc;ble USB d&eacute;tachable fourni)</li>
<li style="list-style: none;">- Poids : &lt; 1.23 lbs / 0.56 kg</li>
</ul>
<ul style="font-size: 12px; color: #444; list-style: none;">
<li style="list-style: none;"><strong>Compact. Complet. Charismatique.</strong></li>
<li style="list-style: none;">- Un design 16:9&egrave;me , id&eacute;al pour le transport, mais sans concession sur les fonctions!</li>
<li style="list-style: none;">- Une ergonomie qui s&rsquo;adapte parfaitement &agrave; votre ordinateur portable</li>
<li style="list-style: none;">- Un concentr&eacute; de Djing: toutes les fonctions essentielles dans un design ultra-portable:</li>
<li style="list-style: none;">- Contr&ocirc;leur DJ &agrave; deux platines</li>
<li style="list-style: none;">- 2 jog wheels de 7,5cm</li>
<li style="list-style: none;">- 4 modes (Loop, Fx, Samples, Cue) par platine</li>
<li style="list-style: none;">- 4 pads par platine</li>
<li style="list-style: none;">- 2 potentiom&egrave;tres d&rsquo;&eacute;galisation par platine</li>
<li style="list-style: none;">- 1 potentiom&egrave;tre de volume par platine</li>
<li style="list-style: none;">- Crossfader de 45mm</li>
<li style="list-style: none;">- 10 boutons de commandes dont une commande SHIFT permettant de doubler toutes les commandes des pads.</li>
</ul>
<ul style="font-size: 12px; color: #444; list-style: none;">
<li style="list-style: none;"><strong>L&rsquo;essentiel du mix &agrave; port&eacute;e de main</strong></li>
<li style="list-style: none;">Scratchez aussi naturellement qu&rsquo;avec un disque vinyle &agrave; l&rsquo;aide des jog wheels</li>
<li style="list-style: none;">Les jog wheels contr&ocirc;lent &eacute;galement le Pitch et la navigation dans les pistes</li>
<li style="list-style: none;">Fonctions tr&egrave;s intuitives de cr&eacute;ation de Loop, d&rsquo;ajout d&rsquo;effet et de lancement de samples gr&acirc;ce au feeling in&eacute;gal&eacute; des pads</li>
</ul>
</div>
<div style="margin-bottom: 20px;"><strong style="color: #fc0000; font-size: 13px;">Caract&eacute;ristiques techniques</strong>
<ul style="font-size: 12px; color: #444; list-style: none;">
<li style="list-style: none;"><strong>Caract&eacute;ristiques techniques</strong></li>
<li style="list-style: none;">Surface de contr&ocirc;le &agrave; deux platines</li>
<li style="list-style: none;">- Jog wheels</li>
<li style="list-style: none;">- Commandes du mixer au centre, commandes des platines situ&eacute;es &agrave; gauche et &agrave; droite</li>
<li style="list-style: none;">- Dimensions compactes</li>
<li style="list-style: none;">Logiciel de DJ DJUCEDTM 18&deg;</li>
<li style="list-style: none;">- Logiciel puissant et intuitif</li>
<li style="list-style: none;">- Mixez deux pistes audio &agrave; la vol&eacute;e</li>
<li style="list-style: none;">- Enregistrez vos mixes sous forme de fichiers audio</li>
<li style="list-style: none;">Disponible gratuitement sur www.djuced.com</li>
<li style="list-style: none;">Compatible avec les logiciels DJ les plus populaires ( Traktor,Virtual DJ *) et tous les logiciels compatibles MIDI.</li>
</ul>
</div>
<div style="margin-bottom: 20px;"><strong style="color: #fc0000; font-size: 13px;">Contenu de la bo&icirc;te</strong>
<ul style="font-size: 12px; color: #444; list-style: none;">
<li style="list-style: none;">- Hercules DJControl Compact</li>
<li style="list-style: none;">- C&acirc;ble USB de 90 cm</li>
<li style="list-style: none;">- Guide d&rsquo;installation rapide</li>
<li style="list-style: none;">- Manuel papier et manuel en ligne</li>
</ul>
</div>
<div style="margin-bottom: 20px;"><strong style="color: #fc0000; font-size: 13px;">Configuration Minimum</strong>
<ul style="font-size: 12px; color: #444; list-style: none;">
<li style="list-style: none;">Processeur de l&rsquo;ordinateur : 2,0 GHz ou plus rapide</li>
<li style="list-style: none;">1 Go de RAM ou plus (OS 64 bits : 2 Go)</li>
<li style="list-style: none;">Port USB aliment&eacute;</li>
<li style="list-style: none;">100 Mo d&rsquo;espace disponible sur le disque dur</li>
<li style="list-style: none;">Lecteur de CD-ROM/DVD-ROM</li>
<li style="list-style: none;">Acc&egrave;s &agrave; internet</li>
<li style="list-style: none;">Enceintes et casque st&eacute;r&eacute;o amplifi&eacute;s</li>
</ul>
<ul style="font-size: 12px; color: #444; list-style: none;">
<li style="list-style: none;">Syst&egrave;me d&rsquo;exploitation (32/64 bits)</li>
<li style="list-style: none;">MS Windows&reg; Vista/7/8/8,1/10 ou Mac OS&reg; 10.7/10.8/10.9/10.10 sur Mac Core Duo</li>
</ul>
</div>
</div>]]></full_description>
            <long_title>DJControl Compact</long_title>
            <media_url_1>https://dam.rueducommerce.fr/medias/5341e3567a6a350b872f3f79efb1a2f7/hercules-djcontrol-compact.jpg</media_url_1>
            <media_url_2>https://dam.rueducommerce.fr/medias/e97eca8070dc38c8b6e0544dd105fb27/hercules-djcontrol-compact-4.jpg</media_url_2>
            <media_url_3>https://dam.rueducommerce.fr/medias/aa7d092ce697361a93620479ca57d696/hercules-djcontrol-compact-3.jpg</media_url_3>
            <media_url_4>https://dam.rueducommerce.fr/medias/ce5105981aca3f4798757e0b5eb5ca0b/hercules-djcontrol-compact-2.jpg</media_url_4>
            <short_description>&lt;ul&gt;
&lt;li&gt;LE compagnon DJ &amp;laquo; On the go &amp;raquo;&lt;/li&gt;
&lt;li&gt;Compact. Complet. Charismatique&lt;/li&gt;
&lt;li&gt;L&amp;rsquo;essentiel du mix &amp;agrave; port&amp;eacute;e de main&lt;/li&gt;
&lt;/ul&gt;</short_description>
            <short_title>Le plus complet et portatif des contrôleurs DJ!</short_title>
            <warranty>12</warranty>
            <warranty_scope />
        </product>
        <product>
            <article_sku>000d05pro3</article_sku>
            <brand>SONY</brand>
            <brand_reference>SONY-UDA-1S</brand_reference>
            <category>AMPLIF</category>
            <ean13>0027242868434</ean13>
            <full_description><![CDATA[<p>L'UDA-1 est le moyen parfait de constituer un syst&egrave;me audio pour votre PC. Il se glisse discr&egrave;tement dans de petits espaces et ses ports USB vous permettent de le raccorder facilement &agrave; votre PC, ordinateur portable ou smartphone (Android ou iPhone), ou d'utiliser les entr&eacute;es audio num&eacute;rique optique (S/PDIF), coaxiales num&eacute;riques et de ligne.</p>
<h3>Ecoutez toute votre musique en haute qualit&eacute;&nbsp;</h3>
<p>Profitez de chaque d&eacute;tail gr&acirc;ce &agrave; une gamme de fr&eacute;quence de 10-100 Hz, vous rapprochant des nuances obtenues lors d'un concert.</p>
<p>Optimisez un grand nombre de formats de fichiers, y compris des formats audio haute r&eacute;solution qui fournissent un son aussi nuanc&eacute; que l'original. L'UDA-1 permet &eacute;galement l'&eacute;coute de formats compress&eacute;s et restaure le son tel que l'artiste l'a voulu.</p>
<p>Profitez du meilleur son possible.&nbsp;L'audio haute r&eacute;solution convertit un son analogique en num&eacute;rique, cr&eacute;ant un son de 24 bit / 96 kHz, contre 16 bit / 44,1 kHz pour un CD, pour vous fournir plus de d&eacute;tails &agrave; chaque morceau. Profitez ainsi d'un son digne d'un studio d'enregistrement !</p>
<p>La technologie DSEE am&eacute;liore la qualit&eacute; de vos fichiers mp3, ACC, WMA et ATRAC. En r&eacute;tablissant les aigus, la technologie DSEE offre un son riche et naturel &agrave; vos fichiers musicaux num&eacute;riques.</p>
<p><img src="http://dam-static.rueducommerce.fr/medias/975d8060aa303644a57c392db0c0f9b0/sony-uda-1s-4.jpg" alt="" width="450" height="339" /></p>
<p>&nbsp;</p>
<h3>Solidit&eacute; et praticit&eacute;&nbsp;</h3>
<p>Dissimulant deux amplificateurs analogiques 23 W dans un ch&acirc;ssis en aluminium tr&egrave;s rigide de 3 mm d'&eacute;paisseur, le UDA-1 offre un son cristallin &agrave; la musique lue depuis votre PC.</p>
<p>Connectez-vous au PC et laissez l'UDA-1 faire le reste. T&eacute;l&eacute;chargez le lecteur audio de Sony sur votre PC et &eacute;coutez votre musique en haute r&eacute;solution, ou utilisez directement votre lecteur favori, comme iTunes, Media Go ou Windows Media.</p>
<p>&nbsp;</p>
<p><img src="http://dam-static.rueducommerce.fr/medias/ce629deb0c9a3dd48eeb606e0fd7b8f8/sony-uda-1s-6.jpg" alt="" width="450" height="357" /></p>
<p><strong>Option :</strong></p>
<p>Compatible avec&nbsp;les services de diffusion en ligne Spotify et Deezer.</p>
<p>&nbsp;</p>]]></full_description>
            <long_title>Ampli stéréo Sony</long_title>
            <media_url_1>https://dam.rueducommerce.fr/medias/a93dc8dea2e2361d82a436bb23c13774/sony-uda-1s.jpg</media_url_1>
            <media_url_2>https://dam.rueducommerce.fr/medias/bebcadbe821a35a6b9c65fab6764b455/sony-uda-1s-2.jpg</media_url_2>
            <media_url_3>https://dam.rueducommerce.fr/medias/6cd84d52d0c13c32bace074e57c6bc70/sony-uda-1s-1.jpg</media_url_3>
            <short_description>&lt;p&gt;&lt;strong&gt;Connectez facilement l'UDA-1 &amp;agrave; votre PC et &amp;eacute;coutez toute votre musique en haute qualit&amp;eacute;. L'UDA-1 est un convertisseur num&amp;eacute;rique-analogique (DAC) avec amplificateur int&amp;eacute;gr&amp;eacute; et plusieurs connexions pour casque ou enceintes. Profitez d'un son intact directement sur votre PC !&lt;/strong&gt;&lt;/p&gt;</short_description>
            <short_title>Ampli stéréo - 2x23W - Connexion pour DAC/SMATRPHONE/PC</short_title>
            <warranty>12</warranty>
            <warranty_scope />
            <weight_kg><![CDATA[4]]></weight_kg>
            <dimensions_length_cm><![CDATA[22,5]]></dimensions_length_cm>
            <dimensions_height_cm><![CDATA[7,4]]></dimensions_height_cm>
            <charge_consumption_watts><![CDATA[65]]></charge_consumption_watts>
            <it_response_frequency_maxi_hz><![CDATA[100000]]></it_response_frequency_maxi_hz>
            <it_response_frequency_mini_hz><![CDATA[10]]></it_response_frequency_mini_hz>
            <it_wireless_network_type><![CDATA[Aucun]]></it_wireless_network_type>
            <it_converter><![CDATA[24 Bits/96 kHz]]></it_converter>
        </product>
	</products>
</import>